agent_number,season,trend_likelihood,period_start,period_end,p_value,slope,conf_low,conf_high,conf_level,intercept,r_squared,sigma,trend_method,n,note,s,var_s,tau,z,alternative,lat,lon,site
1056,Annual,NA,1960-01-01,2019-12-31,0.5905374230419722,1.2721367046401737,-3.336105862852766,5.880379272133113,0.95,1604.296497175142,0.005022021428237117,315.4010724916998,Linear model,60,NA,NA,NA,NA,NA,NA,-35.183,173.926,Kerikeri
1287,Annual,NA,1960-01-01,2019-12-31,0.005172971413923483,-5.957568769102525,-9.975410044867417,-1.9397274933376325,0.95,1573.560847457627,0.1271101441513588,274.992348800573,Linear model,60,NA,NA,NA,NA,NA,NA,-35.769,174.364,Whangarei
1400,Annual,NA,1960-01-01,2019-12-31,0.08890175785543478,-2.267513198110576,-4.836052631194299,0.3010262349731474,0.95,1150.6458192090386,0.049083738618139805,175.79805751687357,Linear model,60,NA,NA,NA,NA,NA,NA,-36.606,174.835,Whangaparaoa
15752,Annual,NA,1960-01-01,2019-12-31,0.4655607303676388,0.5490552931369862,-0.9159213640035367,2.0140319502775093,0.95,678.0721468926549,0.009217586748325823,100.26711963836613,Linear model,60,NA,NA,NA,NA,NA,NA,-45.90129,170.5147,Dunedin
1615,Annual,NA,1960-01-01,2019-12-31,0.03698985586722701,-4.1188996943595395,-7.8999663399464275,-0.33783304877265197,0.95,1399.1864406779655,0.07286903866449007,258.78682767115976,Linear model,60,NA,NA,NA,NA,NA,NA,-37.673,176.196,Tauranga
1770,Annual,NA,1960-01-01,2019-12-31,0.13024901445830928,-3.1341289247013,-7.136234574819742,0.867976725417142,0.95,1497.0825988700558,0.03903311638588486,273.9153583573554,Linear model,60,NA,NA,NA,NA,NA,NA,-38.10595,176.31485,Rotorua
1858,Annual,NA,1960-01-01,2019-12-31,0.8152820614833611,0.3029008057793836,-2.2267971010081293,2.832598712566896,0.95,932.9948587570622,9.486795112180579e-4,173.139634295523,Linear model,60,NA,NA,NA,NA,NA,NA,-38.74263,176.08104,Taupo
1962,Annual,NA,1960-01-01,2019-12-31,0.2348359458891368,-1.4501222561822715,-3.8176789728724483,0.9174344605079054,0.95,1165.790395480226,0.024244740613374397,162.04223555776468,Linear model,60,NA,NA,NA,NA,NA,NA,-37.00813,174.78873,Auckland
2112,Annual,NA,1960-01-01,2019-12-31,0.9538753365333568,-0.0733620450125022,-2.5485380732705356,2.4018139832455314,0.95,1227.6925423728815,5.817998407389736e-5,169.40800369869538,Linear model,60,NA,NA,NA,NA,NA,NA,-37.86088,175.33175,Hamilton
2250,Annual,NA,1960-01-01,2019-12-31,0.04304908339984584,2.4815921089191413,0.13035070665679482,4.832833511181487,0.95,1244.2964406779665,0.06870993186197812,160.925569585171,Linear model,60,NA,NA,NA,NA,NA,NA,-38.88784,175.25981,Taumarunui
2283,Annual,NA,1960-01-01,2019-12-31,0.024625897558751608,-3.3660683523200836,-6.225388278217826,-0.5067484264223414,0.95,1556.901751412429,0.08407173489309466,195.69989166513577,Linear model,60,NA,NA,NA,NA,NA,NA,-39.0079,174.18382,New Plymouth
2534,Annual,NA,1960-01-01,2019-12-31,0.16564420835440974,-1.6596888024451222,-3.976553025858278,0.657175420968034,0.95,1072.5571751412426,0.032870402646338774,158.57269884985894,Linear model,60,NA,NA,NA,NA,NA,NA,-40.21,176.109,Dannevirke
25354,Annual,NA,1960-01-01,2019-12-31,0.4032640984954572,-1.303556543484301,-4.338022205941556,1.7309091189729542,0.95,1356.9418079096047,0.01207500872984059,207.68735811121576,Linear model,60,NA,NA,NA,NA,NA,NA,-41.285,174.768,Wellington
2810,Annual,NA,1960-01-01,2019-12-31,0.7373583290428389,0.44495415393164955,-2.1431180103665923,3.0330263182298918,0.95,1015.7138983050846,0.0019538740692246113,177.1349325366933,Linear model,60,NA,NA,NA,NA,NA,NA,-38.6586,177.9851,Gisborne
2997,Annual,NA,1960-01-01,2019-12-31,0.9350909990406525,-0.08777993887190956,-2.1911430468575244,2.0155831691137056,0.95,757.65395480226,1.1534005058381659e-4,143.9600824786996,Linear model,60,NA,NA,NA,NA,NA,NA,-39.49846,176.91189,Napier
3629,Annual,NA,1960-01-01,2019-12-31,0.10294294345073624,1.600358432898029,-0.29273797059849005,3.493454836394548,0.95,1012.2474011299435,0.045193166489228095,129.56883828227353,Linear model,60,NA,NA,NA,NA,NA,NA,-39.46249,175.66283,Waiouru
3715,Annual,NA,1960-01-01,2019-12-31,0.011296796791499534,2.500750208391221,0.62776853673474875,4.373731880047694,0.95,822.3271186440677,0.10560209498079602,128.19212950396698,Linear model,60,NA,NA,NA,NA,NA,NA,-39.93704,175.04509,Whanganui
37662,Annual,NA,1960-01-01,2019-12-31,0.3986029612317342,1.08627118644068,-1.4173351367638907,3.589877509645251,0.95,841.9970621468924,0.012314906760565335,171.35385298637115,Linear model,60,NA,NA,NA,NA,NA,NA,-40.957,175.707,Masterton
3909,Annual,NA,1960-01-01,2019-12-31,0.121669050504421,3.61881911642122,-0.8965589928312654,8.134197225673706,0.95,2749.651016949153,0.040805650496241394,309.0451679800728,Linear model,60,NA,NA,NA,NA,NA,NA,-42.71228,170.98428,Hokitika
3925,Annual,NA,1960-01-01,2019-12-31,0.20202733299199602,-2.7859016393442584,-7.0173052274403345,1.4455019487518177,0.95,2025.4999999999998,0.027908593509705877,289.6091536598076,Linear model,60,NA,NA,NA,NA,NA,NA,-42.11578,171.86014,Reefton
4107,Annual,NA,1960-01-01,2019-12-31,0.08871530598868149,13.697296471242009,-1.8091084914608224,29.20370143394484,0.95,6139.154124293785,0.0491396861629272,1061.3019354117544,Linear model,60,NA,NA,NA,NA,NA,NA,-44.67384,167.92406,Milford Sound
4241,Annual,NA,1960-01-01,2019-12-31,0.9771275328413582,0.04366212836898864,-2.928326420709613,3.0156506774475904,0.95,983.384971751413,1.4294781487556424e-5,203.4112488836294,Linear model,60,NA,NA,NA,NA,NA,NA,-41.299,173.226,Nelson
4326,Annual,NA,1960-01-01,2019-12-31,0.7629361326154228,0.32170325090302987,-1.758900390156009,2.4023068919620685,0.95,691.1363841807907,0.0015809322027577216,142.40236059821126,Linear model,60,NA,NA,NA,NA,NA,NA,-41.52133,173.86439,Blenheim
4843,Annual,NA,1960-01-01,2019-12-31,0.6652072474664256,0.4178938594053902,-1.465178286837203,2.3009660056479833,0.95,605.3075706214689,0.003251261813832407,128.88274994327776,Linear model,60,NA,NA,NA,NA,NA,NA,-43.493,172.537,Christchurch
4970,Annual,NA,1960-01-01,2019-12-31,0.8500767313055431,0.1835732147818849,-1.7114267622922246,2.078573191855994,0.95,593.1976836158191,6.211529472199606e-4,129.69912420779625,Linear model,60,NA,NA,NA,NA,NA,NA,-44.002,170.441,Lake Tekapo
5086,Annual,NA,1960-01-01,2019-12-31,0.4709204039628372,0.6709724923589895,-1.1410998356429607,2.4830448203609397,0.95,519.783672316384,0.00899913151426037,124.02332284241716,Linear model,60,NA,NA,NA,NA,NA,NA,-44.30517,171.22141,Timaru
5212,Annual,NA,1960-01-01,2019-12-31,0.46482048054409386,-0.583406501806056,-2.137446610688102,0.9706336070759901,0.95,548.6605649717513,0.00924807189521781,106.3628725827194,Linear model,60,NA,NA,NA,NA,NA,NA,-44.52612,169.88948,Tara Hills
5451,Annual,NA,1960-01-01,2019-12-31,0.18721554457602124,1.2533731592108912,-0.5872709905769093,3.0940173089986915,0.95,658.1804519774012,0.029795626865214645,125.97885862472769,Linear model,60,NA,NA,NA,NA,NA,NA,-45.01758,168.74005,Queenstown
5778,Annual,NA,1960-01-01,2019-12-31,0.1014748853584014,1.6757710475131988,-0.2978691317412814,3.649411226767679,0.95,864.8589830508474,0.04557266914131153,135.08148065830463,Linear model,60,NA,NA,NA,NA,NA,NA,-46.115,168.887,Gore
5814,Annual,NA,1960-01-01,2019-12-31,0.1411700607000167,1.4353098082800748,-0.4504312378522233,3.321050854412373,0.95,1059.7397175141245,0.03695243999550491,129.06541695250246,Linear model,60,NA,NA,NA,NA,NA,NA,-46.41741,168.33052,Invercargill
1056,Autumn,NA,1960-03-01,2019-05-31,0.5570800355435225,0.7799916643512094,-1.808468410747457,3.368451739449876,0.95,389.07858757062144,0.005978071912110269,177.16148224207294,Linear model,60,NA,NA,NA,NA,NA,NA,-35.183,173.926,Kerikeri
1287,Autumn,NA,1960-03-01,2019-05-31,0.13734722790969156,-1.6642317310363954,-3.8292984553056733,0.5008349932328824,0.95,400.01073446327644,0.037660119879082035,148.18325139124042,Linear model,60,NA,NA,NA,NA,NA,NA,-35.769,174.364,Whangarei
1400,Autumn,NA,1960-03-01,2019-05-31,0.5369644409318117,0.494303973325924,-1.0655274937949637,2.054135440446812,0.95,256.5603954802259,0.006607269393735614,106.75924941682952,Linear model,60,NA,NA,NA,NA,NA,NA,-36.606,174.835,Whangaparaoa
15752,Autumn,NA,1960-03-01,2019-05-31,0.6370384239430695,-0.21898305084745665,-1.1238167225475966,0.6858506208526832,0.95,186.75564971751402,0.0038642942834046672,61.92935946861133,Linear model,60,NA,NA,NA,NA,NA,NA,-45.90129,170.5147,Dunedin
1615,Autumn,NA,1960-03-01,2019-05-31,0.9419364122239472,-0.07482078355098568,-2.0794811604574717,1.9298395933555001,0.95,355.2487005649716,9.225523337511863e-5,137.2045901658994,Linear model,60,NA,NA,NA,NA,NA,NA,-37.673,176.196,Tauranga
1770,Autumn,NA,1960-03-01,2019-05-31,0.7874640620036498,0.30539594331758957,-1.9045125695676637,2.515304456202843,0.95,346.2854237288135,0.0012632728056745912,151.2523494291111,Linear model,60,NA,NA,NA,NA,NA,NA,-38.10595,176.31485,Rotorua
1858,Autumn,NA,1960-03-01,2019-05-31,0.3558228213431244,0.5721700472353434,-0.6326542374293097,1.7769943318999966,0.95,199.11548022598868,0.014717424067299666,82.46156012442998,Linear model,60,NA,NA,NA,NA,NA,NA,-38.74263,176.08104,Taupo
1962,Autumn,NA,1960-03-01,2019-05-31,0.7095486653345597,0.2171936649069189,-0.9201178233549029,1.3545051531687406,0.95,271.63892655367226,0.002409660609628444,77.84079459820218,Linear model,60,NA,NA,NA,NA,NA,NA,-37.00813,174.78873,Auckland
2112,Autumn,NA,1960-03-01,2019-05-31,0.5293913348728335,0.43318421783828837,-0.9086429192007597,1.7750113548773363,0.95,271.3128813559323,0.006855399742868161,91.83842037873177,Linear model,60,NA,NA,NA,NA,NA,NA,-37.86088,175.33175,Hamilton
2250,Autumn,NA,1960-03-01,2019-05-31,0.08045531696031717,1.0229091414281744,-0.1039581224080397,2.1497764052643884,0.95,263.07293785310725,0.051751048597912776,77.12596252568548,Linear model,60,NA,NA,NA,NA,NA,NA,-38.88784,175.25981,Taumarunui
2283,Autumn,NA,1960-03-01,2019-05-31,0.6239036835508563,-0.3711280911364243,-1.846706343819632,1.1044501615467834,0.95,376.14774011299414,0.004172300258581803,100.9927226324171,Linear model,60,NA,NA,NA,NA,NA,NA,-39.0079,174.18382,New Plymouth
2534,Autumn,NA,1960-03-01,2019-05-31,0.4616512264418804,-0.4356599055293126,-1.5879092299799487,0.7165894189213233,0.95,260.3742937853106,0.00937945878131,78.86318208880265,Linear model,60,NA,NA,NA,NA,NA,NA,-40.21,176.109,Dannevirke
25354,Autumn,NA,1960-03-01,2019-05-31,0.9441099347795409,-0.052111697693804804,-1.5027261539580614,1.398502758570452,0.95,327.4277401129945,8.546681315042044e-5,99.28413024634287,Linear model,60,NA,NA,NA,NA,NA,NA,-41.285,174.768,Wellington
2810,Autumn,NA,1960-03-01,2019-05-31,0.06220885146475799,1.4864601278132816,-0.04570958660716906,3.0186298422337323,0.95,241.94796610169485,0.058681036701202005,104.86600132041593,Linear model,60,NA,NA,NA,NA,NA,NA,-38.6586,177.9851,Gisborne
2997,Autumn,NA,1960-03-01,2019-05-31,0.8068382200924472,0.16065573770491784,-1.1212867151830452,1.4425981905928809,0.95,197.11,0.0010391352674495307,87.73974429333755,Linear model,60,NA,NA,NA,NA,NA,NA,-39.49846,176.91189,Napier
3629,Autumn,NA,1960-03-01,2019-05-31,0.7477537679593371,0.1679855515420956,-0.8509191283391311,1.1868902314233223,0.95,239.13310734463272,0.0017970649601513772,69.73669985783431,Linear model,60,NA,NA,NA,NA,NA,NA,-39.46249,175.66283,Waiouru
3715,Autumn,NA,1960-03-01,2019-05-31,0.03790486169187527,0.98130869686024,0.07598481389960843,1.8866325798208716,0.95,188.20841807909588,0.07219825703212372,61.96291090498694,Linear model,60,NA,NA,NA,NA,NA,NA,-39.93704,175.04509,Whanganui
37662,Autumn,NA,1960-03-01,2019-05-31,0.7435604860612728,0.17186718532925882,-0.8529138289332456,1.1966481995917633,0.95,210.8897175141242,0.0018594464555976241,70.1388926979528,Linear model,60,NA,NA,NA,NA,NA,NA,-40.957,175.707,Masterton
3909,Autumn,NA,1960-03-01,2019-05-31,0.5646246742254437,0.7836982495137519,-1.867775908744825,3.4351724077723285,0.95,682.8688700564973,0.005752882251099326,181.47434319060795,Linear model,60,NA,NA,NA,NA,NA,NA,-42.71228,170.98428,Hokitika
3925,Autumn,NA,1960-03-01,2019-05-31,0.4026229648974512,-0.791919977771602,-2.6328534381085715,1.0490134825653676,0.95,478.69689265536715,0.012107770299849547,125.9986598518017,Linear model,60,NA,NA,NA,NA,NA,NA,-42.11578,171.86014,Reefton
4107,Autumn,NA,1960-03-01,2019-05-31,0.5063589756713553,2.77822728535705,-5.365145006741547,10.921599577455648,0.95,1677.5374011299427,0.007649975387166157,557.3552861008383,Linear model,60,NA,NA,NA,NA,NA,NA,-44.67384,167.92406,Milford Sound
4241,Autumn,NA,1960-03-01,2019-05-31,0.7744811228305559,-0.19897749374826323,-1.5537703723292657,1.155815384832739,0.95,262.08881355932203,0.0014266264528082493,92.72583216925462,Linear model,60,NA,NA,NA,NA,NA,NA,-41.299,173.226,Nelson
4326,Autumn,NA,1960-03-01,2019-05-31,0.9682912000082653,-0.019772158933036854,-0.9904457799495657,0.950901462083492,0.95,176.9530508474576,2.7480079483893057e-5,66.43563063881273,Linear model,60,NA,NA,NA,NA,NA,NA,-41.52133,173.86439,Blenheim
4843,Autumn,NA,1960-03-01,2019-05-31,0.9336537662116492,-0.03624340094470651,-0.8858433630259093,0.8133565611364963,0.95,165.5420903954802,1.20516015372336e-4,58.149009151465286,Linear model,60,NA,NA,NA,NA,NA,NA,-43.493,172.537,Christchurch
4970,Autumn,NA,1960-03-01,2019-05-31,0.2697725264407068,0.5469297026951937,-0.4151278194666921,1.5089872248570795,0.95,137.44197740112986,0.020957084184077258,65.84592061820342,Linear model,60,NA,NA,NA,NA,NA,NA,-44.002,170.441,Lake Tekapo
5086,Autumn,NA,1960-03-01,2019-05-31,0.7334525779007812,-0.14506251736593404,-0.9759632645422958,0.6858382298104277,0.95,142.9510734463276,0.002014672532048591,56.86918233042442,Linear model,60,NA,NA,NA,NA,NA,NA,-44.30517,171.22141,Timaru
5212,Autumn,NA,1960-03-01,2019-05-31,0.33701491422860375,-0.33339816615726525,-1.0083795065109002,0.34158317419636974,0.95,144.22531073446322,0.01590191596203669,46.197619925906324,Linear model,60,NA,NA,NA,NA,NA,NA,-44.52612,169.88948,Tara Hills
5451,Autumn,NA,1960-03-01,2019-05-31,0.8803479328279351,0.06412892470130632,-0.7671938862616263,0.8954517356642391,0.95,180.02740112994346,3.9397219817644474e-4,56.89806956216076,Linear model,60,NA,NA,NA,NA,NA,NA,-45.01758,168.74005,Queenstown
5778,Autumn,NA,1960-03-01,2019-05-31,0.7550886532473474,-0.1301694915254224,-0.9441903153603703,0.6838513323095254,0.95,246.75016949152527,0.00169075495332275,55.71387293698769,Linear model,60,NA,NA,NA,NA,NA,NA,-46.115,168.887,Gore
5814,Autumn,NA,1960-03-01,2019-05-31,0.5704329736882459,-0.2764128924701289,-1.2257647387501465,0.6729389538098887,0.95,308.3622598870055,0.00558340005334342,64.97630845235484,Linear model,60,NA,NA,NA,NA,NA,NA,-46.41741,168.33052,Invercargill
1056,Winter,NA,1960-06-01,2019-08-31,0.6707894889619294,-0.476721311475408,-2.663702131599954,1.7102595086491377,0.95,569.1999999999998,0.0031372040155170596,149.6831136997468,Linear model,60,NA,NA,NA,NA,NA,NA,-35.183,173.926,Kerikeri
1287,Winter,NA,1960-06-01,2019-08-31,0.16774222997046742,-1.516982495137536,-3.6453121707448646,0.6113471804697928,0.95,508.5146327683613,0.03255210735772685,145.66886453367914,Linear model,60,NA,NA,NA,NA,NA,NA,-35.769,174.364,Whangarei
1400,Winter,NA,1960-06-01,2019-08-31,0.010225770659620305,-1.7305418171714322,-3.008138567118826,-0.4529450672240385,0.95,399.3548587570618,0.10835228825002123,87.44231217076343,Linear model,60,NA,NA,NA,NA,NA,NA,-36.606,174.835,Whangaparaoa
15752,Winter,NA,1960-06-01,2019-08-31,0.5383782870220077,-0.28983050847457614,-1.2076186624119534,0.627957645462801,0.95,174.9831638418079,0.006561640245493067,62.8160006406758,Linear model,60,NA,NA,NA,NA,NA,NA,-45.90129,170.5147,Dunedin
1615,Winter,NA,1960-06-01,2019-08-31,0.2471621562131984,-0.8434398444012218,-2.257493063579608,0.5706133747771643,0.95,398.3682485875705,0.023021308110355163,96.78177642715569,Linear model,60,NA,NA,NA,NA,NA,NA,-37.673,176.196,Tauranga
1770,Winter,NA,1960-06-01,2019-08-31,0.2632661620874481,-0.8478327313142516,-2.3188138484616996,0.6231483858331964,0.95,427.0638983050846,0.02152892488804004,100.67808175639283,Linear model,60,NA,NA,NA,NA,NA,NA,-38.10595,176.31485,Rotorua
1858,Winter,NA,1960-06-01,2019-08-31,0.6625326238314263,0.22195887746596454,-0.769753451942852,1.213671206874781,0.95,263.30192090395457,0.003306764856016349,67.87557896913201,Linear model,60,NA,NA,NA,NA,NA,NA,-38.74263,176.08104,Taupo
1962,Winter,NA,1960-06-01,2019-08-31,0.7199465724411596,-0.242747985551541,-1.563324933668045,1.0778289625649629,0.95,371.6288135593218,0.0022329612502328755,90.38399772656916,Linear model,60,NA,NA,NA,NA,NA,NA,-37.00813,174.78873,Auckland
2112,Winter,NA,1960-06-01,2019-08-31,0.9386297480338253,0.05271464295637688,-1.2834179982790663,1.3888472841918202,0.95,375.8822033898305,1.0308294295741347e-4,91.44867308191498,Linear model,60,NA,NA,NA,NA,NA,NA,-37.86088,175.33175,Hamilton
2250,Winter,NA,1960-06-01,2019-08-31,0.1393771305464578,1.0062656293414844,-0.30971199824930484,2.322243256932274,0.95,349.1638983050846,0.037281697847572175,90.06920730369161,Linear model,60,NA,NA,NA,NA,NA,NA,-38.88784,175.25981,Taumarunui
2283,Winter,NA,1960-06-01,2019-08-31,0.10126447995348163,-1.2722506251736576,-2.7697001499865097,0.22519889963919426,0.95,475.59864406779644,0.04562753937163412,102.48965396478846,Linear model,60,NA,NA,NA,NA,NA,NA,-39.0079,174.18382,New Plymouth
2534,Winter,NA,1960-06-01,2019-08-31,0.09425008311320839,-0.8718838566268418,-1.8763519690716826,0.13258425581799893,0.95,311.69412429378536,0.047529650195069495,68.74862060943397,Linear model,60,NA,NA,NA,NA,NA,NA,-40.21,176.109,Dannevirke
25354,Winter,NA,1960-06-01,2019-08-31,0.09303859334526472,-1.2476104473464824,-2.6795132340448857,0.1842923393519209,0.95,462.8804519774008,0.047873352929815254,98.0034509932993,Linear model,60,NA,NA,NA,NA,NA,NA,-41.285,174.768,Wellington
2810,Winter,NA,1960-06-01,2019-08-31,0.6048302960886391,-0.4028896915809932,-1.920550704693039,1.1147713215310526,0.95,344.9614689265535,0.0046458861168654515,103.87298502708697,Linear model,60,NA,NA,NA,NA,NA,NA,-38.6586,177.9851,Gisborne
2997,Winter,NA,1960-06-01,2019-08-31,0.9123629406052597,-0.07235621005834976,-1.355293445238854,1.2105810251221547,0.95,237.2785310734463,2.106286798442603e-4,87.80782998921143,Linear model,60,NA,NA,NA,NA,NA,NA,-39.49846,176.91189,Napier
3629,Winter,NA,1960-06-01,2019-08-31,0.12625115205291573,0.9480828007779951,-0.2496965094592436,2.1458621110152336,0.95,282.35847457627096,0.03984276495024294,81.97938227516543,Linear model,60,NA,NA,NA,NA,NA,NA,-39.46249,175.66283,Waiouru
3715,Winter,NA,1960-06-01,2019-08-31,0.21349698879185525,0.655232008891359,-0.3657643858342865,1.6762284036170045,0.95,230.6087570621468,0.026553517633879004,69.87986270041782,Linear model,60,NA,NA,NA,NA,NA,NA,-39.93704,175.04509,Whanganui
37662,Winter,NA,1960-06-01,2019-08-31,0.9845118454156359,-0.013359266462904716,-1.356344496843356,1.3296259639175465,0.95,292.2241242937851,6.553723187004754e-6,91.91768354176504,Linear model,60,NA,NA,NA,NA,NA,NA,-40.957,175.707,Masterton
3909,Winter,NA,1960-06-01,2019-08-31,0.07632353789521364,1.773181439288692,-0.15261754164504704,3.698980420222431,0.95,649.051299435028,0.0531651300371747,131.80709459058968,Linear model,60,NA,NA,NA,NA,NA,NA,-42.71228,170.98428,Hokitika
3925,Winter,NA,1960-06-01,2019-08-31,0.7764006919997816,0.2510086135037527,-1.4731414970864054,1.9751587240939106,0.95,524.9475706214688,0.0014018000407189431,118.00567918295714,Linear model,60,NA,NA,NA,NA,NA,NA,-42.11578,171.86014,Reefton
4107,Winter,NA,1960-06-01,2019-08-31,0.02883140124508873,5.085109752709091,0.6388027275126404,9.531416777905541,0.95,1136.3324858757057,0.07972382589363888,304.3177488673915,Linear model,60,NA,NA,NA,NA,NA,NA,-44.67384,167.92406,Milford Sound
4241,Winter,NA,1960-06-01,2019-08-31,0.9114082054998534,-0.06509308141150129,-1.2067588258362698,1.076572663013267,0.95,266.32033898305065,2.152615250373684e-4,78.13881212735413,Linear model,60,NA,NA,NA,NA,NA,NA,-41.299,173.226,Nelson
4326,Winter,NA,1960-06-01,2019-08-31,0.6954779006253704,0.1873909419283133,-0.7462491256077187,1.1210310094643452,0.95,197.52457627118642,0.0026610265315274934,63.900950158162146,Linear model,60,NA,NA,NA,NA,NA,NA,-41.52133,173.86439,Blenheim
4843,Winter,NA,1960-06-01,2019-08-31,0.7226508935771248,0.20420394554042892,-0.9180071848438767,1.3264150759247346,0.95,178.99011299435014,0.002188244869918352,76.80728366647011,Linear model,60,NA,NA,NA,NA,NA,NA,-43.493,172.537,Christchurch
4970,Winter,NA,1960-06-01,2019-08-31,0.3697312299092922,-0.3940372325645998,-1.2483433230013998,0.46026885787220023,0.95,178.05480225988686,0.013894378913805336,58.471109802396626,Linear model,60,NA,NA,NA,NA,NA,NA,-44.002,170.441,Lake Tekapo
5086,Winter,NA,1960-06-01,2019-08-31,0.6371858045768355,0.2206585162545152,-0.6914980297144526,1.132815062223483,0.95,117.28158192090395,0.003860919936895112,62.43055756404205,Linear model,60,NA,NA,NA,NA,NA,NA,-44.30517,171.22141,Timaru
5212,Winter,NA,1960-06-01,2019-08-31,0.7749877970803335,0.09633787163100876,-0.5611241181616982,0.7537998614237158,0.95,115.77836158192089,0.001420050617765268,44.99854633649652,Linear model,60,NA,NA,NA,NA,NA,NA,-44.52612,169.88948,Tara Hills
5451,Winter,NA,1960-06-01,2019-08-31,0.3384954944261115,0.3491664351208673,-0.3599257484520245,1.0582586186937593,0.95,152.60875706214682,0.01580551664549807,48.53226190218643,Linear model,60,NA,NA,NA,NA,NA,NA,-45.01758,168.74005,Queenstown
5778,Winter,NA,1960-06-01,2019-08-31,0.8518318367741288,0.07402056126701895,-0.6992449057436497,0.8472860282776876,0.95,187.64903954802259,6.065298963405568e-4,52.9244617755972,Linear model,60,NA,NA,NA,NA,NA,NA,-46.115,168.887,Gore
5814,Winter,NA,1960-06-01,2019-08-31,0.29503504544034537,0.45836065573770424,-0.39181408480176894,1.3085353962771773,0.95,239.39333333333337,0.018887960362408723,58.18834860452759,Linear model,60,NA,NA,NA,NA,NA,NA,-46.41741,168.33052,Invercargill
1056,Spring,NA,1960-09-01,2019-11-30,0.2698269339386683,-1.0069408168935807,-2.7783681192173337,0.7644864854301723,0.95,389.55169491525436,0.0209523736526411,121.24146305474319,Linear model,60,NA,NA,NA,NA,NA,NA,-35.183,173.926,Kerikeri
1287,Spring,NA,1960-09-01,2019-11-30,0.023067623265097984,-1.8369408168935786,-3.379336230592247,-0.2945454031949102,0.95,353.9583615819207,0.08587606700942076,105.56587691769424,Linear model,60,NA,NA,NA,NA,NA,NA,-35.769,174.364,Whangarei
1400,Spring,NA,1960-09-01,2019-11-30,0.05667532076670317,-0.9773020283412039,-1.962315983819455,0.007711927137047048,0.95,274.3493785310733,0.06120829277194933,67.41712343197042,Linear model,60,NA,NA,NA,NA,NA,NA,-36.606,174.835,Whangaparaoa
15752,Spring,NA,1960-09-01,2019-11-30,0.45327930853177056,0.22238677410391886,-0.3548929121182366,0.7996664603260742,0.95,152.9322033898304,0.009733424584043495,39.510644132866325,Linear model,60,NA,NA,NA,NA,NA,NA,-45.90129,170.5147,Dunedin
1615,Spring,NA,1960-09-01,2019-11-30,0.0020875495337695704,-1.9588080022228371,-3.15024781426347,-0.7673681901822045,0.95,328.5386440677964,0.15183979343550938,81.54548920183345,Linear model,60,NA,NA,NA,NA,NA,NA,-37.673,176.196,Tauranga
1770,Spring,NA,1960-09-01,2019-11-30,0.012372556118346676,-1.7218310641844952,-3.028880285908469,-0.4147818424605214,0.95,365.0441807909605,0.10308951180999727,89.45812211345023,Linear model,60,NA,NA,NA,NA,NA,NA,-38.10595,176.31485,Rotorua
1858,Spring,NA,1960-09-01,2019-11-30,0.5362475058761433,-0.29024451236454496,-1.204527651567921,0.6240386268388313,0.95,230.4474576271186,0.006630490045184843,62.57610758165992,Linear model,60,NA,NA,NA,NA,NA,NA,-38.74263,176.08104,Taupo
1962,Spring,NA,1960-09-01,2019-11-30,0.20276111905243355,-0.6168769102528453,-1.5553747402594968,0.32162091975380613,0.95,274.79807909604494,0.02781926698478828,64.23342907408363,Linear model,60,NA,NA,NA,NA,NA,NA,-37.00813,174.78873,Auckland
2112,Spring,NA,1960-09-01,2019-11-30,0.6346145162704306,-0.24806057238121607,-1.2656983194301825,0.7695771746677503,0.95,308.820847457627,0.003920048630267408,69.64998741416032,Linear model,60,NA,NA,NA,NA,NA,NA,-37.86088,175.33175,Hamilton
2250,Spring,NA,1960-09-01,2019-11-30,0.44090184236778596,0.5115198666296206,-0.7804393925185202,1.8034791257777614,0.95,341.35864406779643,0.010275662043637456,88.42532266538069,Linear model,60,NA,NA,NA,NA,NA,NA,-38.88784,175.25981,Taumarunui
2283,Spring,NA,1960-09-01,2019-11-30,0.26778921091328917,-0.7307974437343677,-2.0109098901257285,0.5493150026569932,0.95,371.76598870056466,0.021129595604812732,87.6144935055933,Linear model,60,NA,NA,NA,NA,NA,NA,-39.0079,174.18382,New Plymouth
2534,Spring,NA,1960-09-01,2019-11-30,0.21348748980662063,0.5909252570158381,-0.32984763316220156,1.5116981471938777,0.95,240.21677966101691,0.026554604707704668,63.020284377398006,Linear model,60,NA,NA,NA,NA,NA,NA,-40.21,176.109,Dannevirke
25354,Spring,NA,1960-09-01,2019-11-30,0.8324115449015628,0.1344818005001387,-1.1055126615136806,1.374476262513958,0.95,315.7683050847458,7.784263516509676e-4,84.86870590575222,Linear model,60,NA,NA,NA,NA,NA,NA,-41.285,174.768,Wellington
2810,Spring,NA,1960-09-01,2019-11-30,0.6770379165229519,-0.2466490691858857,-1.4014433544071778,0.9081452160354065,0.95,212.48112994350288,0.003012365534136541,79.03736635639666,Linear model,60,NA,NA,NA,NA,NA,NA,-38.6586,177.9851,Gisborne
2997,Spring,NA,1960-09-01,2019-11-30,0.5875007338311296,0.26001111419838874,-0.6741984219090272,1.1942206503058048,0.95,147.34632768361575,0.0051043559289465894,63.93992618764285,Linear model,60,NA,NA,NA,NA,NA,NA,-39.49846,176.91189,Napier
3629,Spring,NA,1960-09-01,2019-11-30,0.007880132146117904,1.1137927202000548,0.32071618434058546,1.9068692560595242,0.95,232.955988700565,0.11553825170804678,54.280387005357404,Linear model,60,NA,NA,NA,NA,NA,NA,-39.46249,175.66283,Waiouru
3715,Spring,NA,1960-09-01,2019-11-30,0.0684189034271339,0.6761794943039744,-0.037564695301638196,1.389923683909587,0.95,200.4181920903954,0.056108551970038896,48.850658269232746,Linear model,60,NA,NA,NA,NA,NA,NA,-39.93704,175.04509,Whanganui
37662,Spring,NA,1960-09-01,2019-11-30,0.0579319595503593,0.8488996943595438,-0.011165264574140132,1.7089646532932279,0.95,176.6202259887006,0.06061263307496676,58.865262947256795,Linear model,60,NA,NA,NA,NA,NA,NA,-40.957,175.707,Masterton
3909,Spring,NA,1960-09-01,2019-11-30,0.4898847549026917,-0.8319755487635432,-3.178518465294399,1.5145673677673128,0.95,790.5619209039545,0.008257172911080935,160.60399201691263,Linear model,60,NA,NA,NA,NA,NA,NA,-42.71228,170.98428,Hokitika
3925,Spring,NA,1960-09-01,2019-11-30,0.07511718311015937,-1.9139983328702377,-3.983948575599655,0.15595190985917928,0.95,595.5802824858754,0.0535931590803461,141.67321207583387,Linear model,60,NA,NA,NA,NA,NA,NA,-42.11578,171.86014,Reefton
4107,Spring,NA,1960-09-01,2019-11-30,0.8016396491685002,0.9570075020839122,-6.475041562261679,8.389056566429502,0.95,1711.659604519774,0.0010969960303470396,508.67032526475714,Linear model,60,NA,NA,NA,NA,NA,NA,-44.67384,167.92406,Milford Sound
4241,Spring,NA,1960-09-01,2019-11-30,0.5429078246366714,-0.3754404001111408,-1.577744204203633,0.8268634039813512,0.95,255.63593220338976,0.006416909963272025,82.28905135042102,Linear model,60,NA,NA,NA,NA,NA,NA,-41.299,173.226,Nelson
4326,Spring,NA,1960-09-01,2019-11-30,0.8532834269827084,-0.07641289247013042,-0.8826624220195736,0.7298366370793128,0.95,176.925593220339,5.945716845727389e-4,55.181983715359706,Linear model,60,NA,NA,NA,NA,NA,NA,-41.52133,173.86439,Blenheim
4843,Spring,NA,1960-09-01,2019-11-30,0.5189611286197482,0.20337038066129468,-0.4108931788087232,0.8176339401313125,0.95,129.7855367231639,0.0072076305601604836,42.041924358772256,Linear model,60,NA,NA,NA,NA,NA,NA,-43.493,172.537,Christchurch
4970,Spring,NA,1960-09-01,2019-11-30,0.41217580975413515,-0.3723006390664072,-1.2556845962770398,0.5110833181442254,0.95,160.41683615819207,0.011627262932142474,60.46128072589187,Linear model,60,NA,NA,NA,NA,NA,NA,-44.002,170.441,Lake Tekapo
5086,Spring,NA,1960-09-01,2019-11-30,0.494946963972141,0.21483467629897224,-0.3982542873983682,0.8279236399963127,0.95,125.25254237288134,0.008067004369555642,41.96153172296354,Linear model,60,NA,NA,NA,NA,NA,NA,-44.30517,171.22141,Timaru
5212,Spring,NA,1960-09-01,2019-11-30,0.2707426902415059,-0.41208669074742943,-1.13843840465527,0.31426502316041127,0.95,143.3019774011299,0.020873262930348316,49.713552665121995,Linear model,60,NA,NA,NA,NA,NA,NA,-44.52612,169.88948,Tara Hills
5451,Spring,NA,1960-09-01,2019-11-30,0.8091043066699467,-0.10601555987774426,-0.9622087402656284,0.7501776205101399,0.95,183.1351412429379,0.0010144323639688655,58.600267542195034,Linear model,60,NA,NA,NA,NA,NA,NA,-45.01758,168.74005,Queenstown
5778,Spring,NA,1960-09-01,2019-11-30,0.012372776327123143,0.9043512086690748,0.21785256715365764,1.590849850184492,0.95,196.20395480225986,0.10308902009783952,46.98589638606068,Linear model,60,NA,NA,NA,NA,NA,NA,-46.115,168.887,Gore
5814,Spring,NA,1960-09-01,2019-11-30,0.02983949527815106,1.0316810225062516,0.12373053840160053,1.9396315066109027,0.95,236.940395480226,0.07877701297753816,62.142682869179005,Linear model,60,NA,NA,NA,NA,NA,NA,-46.41741,168.33052,Invercargill
1056,Summer,NA,1960-12-01,2019-02-28,0.06904755903756812,2.116130917592051,-0.12203866197209656,4.354300497156198,0.95,254.53471654003516,0.05682169893472694,149.3722429743817,Linear model,59,NA,NA,NA,NA,NA,NA,-35.183,173.926,Kerikeri
1287,Summer,NA,1960-12-01,2019-02-28,0.44769196657993016,-0.6934541203974299,-2.471154962761632,1.0842467219667724,0.95,301.9307422559908,0.010150989747644855,118.64121672724133,Linear model,59,NA,NA,NA,NA,NA,NA,-35.769,174.364,Whangarei
1400,Summer,NA,1960-12-01,2019-02-28,0.8797147738221073,0.11275277615429594,-1.3410294673653602,1.566535019673952,0.95,214.88012857977796,4.0522951426268984e-4,97.02335180212201,Linear model,59,NA,NA,NA,NA,NA,NA,-36.606,174.835,Whangaparaoa
15752,Summer,NA,1960-12-01,2019-02-28,0.09781554104418562,0.7464172998246641,-0.12275540978156296,1.6155900094308913,0.95,166.11087083576854,0.04734854012557865,58.007345981034064,Linear model,59,NA,NA,NA,NA,NA,NA,-45.90129,170.5147,Dunedin
1615,Summer,NA,1960-12-01,2019-02-28,0.2463237078479251,-0.9490648743424898,-2.5370635068299676,0.6389337581449882,0.95,305.9685563997662,0.023506196913078762,105.98076202121263,Linear model,59,NA,NA,NA,NA,NA,NA,-37.673,176.196,Tauranga
1770,Summer,NA,1960-12-01,2019-02-28,0.5431651548971927,-0.689047340736413,-2.8968236994718684,1.5187290179990425,0.95,349.88497954412634,0.006521802336263812,147.34384279959176,Linear model,59,NA,NA,NA,NA,NA,NA,-38.10595,176.31485,Rotorua
1858,Summer,NA,1960-12-01,2019-02-28,0.7747908831522948,-0.19094681472822947,-1.49279323833746,1.1108996088810013,0.95,238.7165400350672,0.001447762898487247,86.88337205465734,Linear model,59,NA,NA,NA,NA,NA,NA,-38.74263,176.08104,Taupo
1962,Summer,NA,1960-12-01,2019-02-28,0.34512693219124957,-0.7229105786089999,-2.2112607359486396,0.7654395787306397,0.95,244.69918176504956,0.015650548209308918,99.33036502818935,Linear model,59,NA,NA,NA,NA,NA,NA,-37.00813,174.78873,Auckland
2112,Summer,NA,1960-12-01,2019-02-28,0.8385796600373476,-0.1571478667445947,-1.6622245443052501,1.3479288108160608,0.95,266.7178258328463,7.341792180568108e-4,100.44666911228651,Linear model,59,NA,NA,NA,NA,NA,NA,-37.86088,175.33175,Hamilton
2250,Summer,NA,1960-12-01,2019-02-28,0.9000530035257354,0.08503214494447348,-1.2360384108746707,1.4061027007636178,0.95,284.39479836353047,2.791350194482367e-4,88.16636319779944,Linear model,59,NA,NA,NA,NA,NA,NA,-38.88784,175.25981,Taumarunui
2283,Summer,NA,1960-12-01,2019-02-28,0.25180738434498806,-1.1632028053769736,-3.132452460032423,0.8060468492784758,0.95,338.2350672121567,0.022974008093203217,131.42491104257297,Linear model,59,NA,NA,NA,NA,NA,NA,-39.0079,174.18382,New Plymouth
2534,Summer,NA,1960-12-01,2019-02-28,0.13073063890949915,-1.0011163062536526,-2.280796751800482,0.2785641392931768,0.95,262.31315020455867,0.03961263807016783,85.40404631851425,Linear model,59,NA,NA,NA,NA,NA,NA,-40.21,176.109,Dannevirke
25354,Summer,NA,1960-12-01,2019-02-28,0.8299701169027234,-0.17839275277615474,-1.7991552343087314,1.4423697287564217,0.95,250.8907656341321,8.15797837855325e-4,108.16737453932818,Linear model,59,NA,NA,NA,NA,NA,NA,-41.285,174.768,Wellington
2810,Summer,NA,1960-12-01,2019-02-28,0.5754697278956881,-0.3276504967855066,-1.4677772223979408,0.8124762288269275,0.95,212.79392168322636,0.005535109169781094,76.09043024922666,Linear model,59,NA,NA,NA,NA,NA,NA,-38.6586,177.9851,Gisborne
2997,Summer,NA,1960-12-01,2019-02-28,0.501578357588168,-0.4080303915838697,-1.590511299151533,0.7744505159837938,0.95,174.27311513734662,0.007960621725009543,78.91708789651257,Linear model,59,NA,NA,NA,NA,NA,NA,-39.49846,176.91189,Napier
3629,Summer,NA,1960-12-01,2019-02-28,0.2745019872125015,-0.6106954997077733,-1.6954979281658358,0.47410692875028937,0.95,256.02764465225005,0.020911793774608188,72.39816562710676,Linear model,59,NA,NA,NA,NA,NA,NA,-39.46249,175.66283,Waiouru
3715,Summer,NA,1960-12-01,2019-02-28,0.7191591158918522,0.2092986557568669,-0.9258761008039383,1.3444734123176723,0.95,202.00239625949737,0.0022857825637983766,75.75994290316704,Linear model,59,NA,NA,NA,NA,NA,NA,-39.93704,175.04509,Whanganui
37662,Summer,NA,1960-12-01,2019-02-28,0.8825030619815949,0.07696668614845074,-0.9391391827308438,1.0930725550277454,0.95,163.2367621274109,3.8652811033519055e-4,67.81345529836479,Linear model,59,NA,NA,NA,NA,NA,NA,-40.957,175.707,Masterton
3909,Summer,NA,1960-12-01,2019-02-28,0.16585110733532843,1.8876154295733443,-0.7481462957593457,4.523377154906035,0.95,626.8850964348338,0.03341014064722438,175.90697525950628,Linear model,59,NA,NA,NA,NA,NA,NA,-42.71228,170.98428,Hokitika
3925,Summer,NA,1960-12-01,2019-02-28,0.5380906011579826,-0.5880654587960275,-2.4487384549270494,1.2726075373349943,0.95,431.91654003506727,0.006686806603936166,124.17865983509495,Linear model,59,NA,NA,NA,NA,NA,NA,-42.11578,171.86014,Reefton
4107,Summer,NA,1960-12-01,2019-02-28,0.2835158207457496,4.679912331969599,-3.792196784231119,13.152021448170316,0.95,1615.399240210404,0.02014991938603334,565.4164693173276,Linear model,59,NA,NA,NA,NA,NA,NA,-44.67384,167.92406,Milford Sound
4241,Summer,NA,1960-12-01,2019-02-28,0.3935299724703807,0.6914202220923433,-0.8848089018629377,2.2676493460476244,0.95,197.23027469316193,0.012801802978320115,105.19528182158328,Linear model,59,NA,NA,NA,NA,NA,NA,-41.299,173.226,Nelson
4326,Summer,NA,1960-12-01,2019-02-28,0.7547304941103673,0.15808883693746276,-0.8289521649278634,1.1451298388027888,0.95,141.15394506136766,0.0017258505002504866,65.8737075610758,Linear model,59,NA,NA,NA,NA,NA,NA,-41.52133,173.86439,Blenheim
4843,Summer,NA,1960-12-01,2019-02-28,0.955097901375338,0.021262419637638957,-0.7156128489562494,0.7581376882315274,0.95,132.4434833430742,5.610923747037956e-5,49.17800360938398,Linear model,59,NA,NA,NA,NA,NA,NA,-43.493,172.537,Christchurch
4970,Summer,NA,1960-12-01,2019-02-28,0.6138620506558359,0.216984219754529,-0.6212451377445449,1.0552135772536029,0.95,121.73962594973702,0.004495676411836908,55.942230829977625,Linear model,59,NA,NA,NA,NA,NA,NA,-44.002,170.441,Lake Tekapo
5086,Summer,NA,1960-12-01,2019-02-28,0.4564624507230809,0.31797194623027425,-0.5132077838687434,1.149151676329292,0.95,136.37609585037993,0.009766671683170072,55.471748759943814,Linear model,59,NA,NA,NA,NA,NA,NA,-44.30517,171.22141,Timaru
5212,Summer,NA,1960-12-01,2019-02-28,0.9253028132705234,-0.043267095265927175,-0.9437680808198172,0.8572338902879628,0.95,147.00309760374057,1.5556104666220733e-4,60.09815039976541,Linear model,59,NA,NA,NA,NA,NA,NA,-44.52612,169.88948,Tara Hills
5451,Summer,NA,1960-12-01,2019-02-28,0.08121593710049207,0.8673641145528919,-0.09031452455380584,1.8250427536595897,0.95,144.27229690239636,0.05238609773668809,63.91410538243396,Linear model,59,NA,NA,NA,NA,NA,NA,-45.01758,168.74005,Queenstown
5778,Summer,NA,1960-12-01,2019-02-28,0.1416465456017987,0.7947749853886608,-0.25043888294485783,1.8399888537221794,0.95,235.25505552308599,0.03750572241283211,69.75608163314912,Linear model,59,NA,NA,NA,NA,NA,NA,-46.115,168.887,Gore
5814,Summer,NA,1960-12-01,2019-02-28,0.6617677821111954,0.2786849795441245,-0.9633607760831048,1.520730735171354,0.95,272.10555230859165,0.0033814442294502842,82.8923608330781,Linear model,59,NA,NA,NA,NA,NA,NA,-46.41741,168.33052,Invercargill
1056,Annual,Likely increasing,1960-01-01,2019-12-31,0.19636977221516178,NA,NA,NA,NA,NA,NA,NA,Mann-Kendall,60,NA,135,24582.333333333332,0.07629274110733426,0.8546597406387542,greater,-35.183,173.926,Kerikeri
1287,Annual,Very likely decreasing,1960-01-01,2019-12-31,0.9927120129294594,NA,NA,NA,NA,NA,NA,NA,Mann-Kendall,60,NA,-384,24583.333333333332,-0.21694915254237288,-2.4427464398687646,greater,-35.769,174.364,Whangarei
1400,Annual,Very likely decreasing,1960-01-01,2019-12-31,0.9725556579981401,NA,NA,NA,NA,NA,NA,NA,Mann-Kendall,60,NA,-302,24583.333333333332,-0.17062146892655367,-1.9197563404712747,greater,-36.606,174.835,Whangaparaoa
15752,Annual,Likely increasing,1960-01-01,2019-12-31,0.11401425170346087,NA,NA,NA,NA,NA,NA,NA,Mann-Kendall,60,NA,190,24582.333333333332,0.10737496896587786,1.2054529177666011,greater,-45.90129,170.5147,Dunedin
1615,Annual,Very likely decreasing,1960-01-01,2019-12-31,0.9831586573376048,NA,NA,NA,NA,NA,NA,NA,Mann-Kendall,60,NA,-334,24583.333333333332,-0.18870056497175142,-2.1238500377971246,greater,-37.673,176.196,Tauranga
1770,Annual,Very likely decreasing,1960-01-01,2019-12-31,0.9386440315256962,NA,NA,NA,NA,NA,NA,NA,Mann-Kendall,60,NA,-243,24582.333333333332,-0.13732693399320167,-1.5434899793625263,greater,-38.10595,176.31485,Rotorua
1858,Annual,Indeterminate,1960-01-01,2019-12-31,0.3724867285203931,NA,NA,NA,NA,NA,NA,NA,Mann-Kendall,60,NA,52,24583.333333333332,0.02937853107344633,0.3252743301130731,greater,-38.74263,176.08104,Taupo
1962,Annual,Very likely decreasing,1960-01-01,2019-12-31,0.9000722811007366,NA,NA,NA,NA,NA,NA,NA,Mann-Kendall,60,NA,-202,24583.333333333332,-0.11412429378531073,-1.281963536327994,greater,-37.00813,174.78873,Auckland
2112,Annual,Likely decreasing,1960-01-01,2019-12-31,0.697286541243249,NA,NA,NA,NA,NA,NA,NA,Mann-Kendall,60,NA,-82,24583.333333333332,-0.04632768361581921,-0.5166121713560573,greater,-37.86088,175.33175,Hamilton
2250,Annual,Very likely increasing,1960-01-01,2019-12-31,0.03554096879340997,NA,NA,NA,NA,NA,NA,NA,Mann-Kendall,60,NA,284,24583.333333333332,0.16045197740112993,1.804953635725484,greater,-38.88784,175.25981,Taumarunui
2283,Annual,Very likely decreasing,1960-01-01,2019-12-31,0.9880219463237612,NA,NA,NA,NA,NA,NA,NA,Mann-Kendall,60,NA,-355,24582.333333333332,-0.20062165254150863,-2.2578324491501416,greater,-39.0079,174.18382,New Plymouth
2534,Annual,Very likely decreasing,1960-01-01,2019-12-31,0.9225272117534866,NA,NA,NA,NA,NA,NA,NA,Mann-Kendall,60,NA,-224,24583.333333333332,-0.12655367231638417,-1.4222779532395158,greater,-40.21,176.109,Dannevirke
25354,Annual,Likely decreasing,1960-01-01,2019-12-31,0.7234587137098352,NA,NA,NA,NA,NA,NA,NA,Mann-Kendall,60,NA,-94,24583.333333333332,-0.05310734463276836,-0.593147307853251,greater,-41.285,174.768,Wellington
2810,Annual,Likely increasing,1960-01-01,2019-12-31,0.28948074008361235,NA,NA,NA,NA,NA,NA,NA,Mann-Kendall,60,NA,88,24581.333333333332,0.04974562694199086,0.5549023123612223,greater,-38.6586,177.9851,Gisborne
2997,Annual,Indeterminate,1960-01-01,2019-12-31,0.5583125694594598,NA,NA,NA,NA,NA,NA,NA,Mann-Kendall,60,NA,-24,24583.333333333332,-0.013559322033898305,-0.14669234495295455,greater,-39.49846,176.91189,Napier
3629,Annual,Very likely increasing,1960-01-01,2019-12-31,0.06613355261794145,NA,NA,NA,NA,NA,NA,NA,Mann-Kendall,60,NA,237,24582.333333333332,0.13393614549954239,1.5052216327667611,greater,-39.46249,175.66283,Waiouru
3715,Annual,Very likely increasing,1960-01-01,2019-12-31,0.012176937532472443,NA,NA,NA,NA,NA,NA,NA,Mann-Kendall,60,NA,354,24581.333333333332,0.20011309019846324,2.2515001869369136,greater,-39.93704,175.04509,Whanganui
37662,Annual,Likely increasing,1960-01-01,2019-12-31,0.22393422347433872,NA,NA,NA,NA,NA,NA,NA,Mann-Kendall,60,NA,120,24583.333333333332,0.06779661016949153,0.7589734369305039,greater,-40.957,175.707,Masterton
3909,Annual,Very likely increasing,1960-01-01,2019-12-31,0.07033489470851592,NA,NA,NA,NA,NA,NA,NA,Mann-Kendall,60,NA,232,24583.333333333332,0.1310734463276836,1.4733013775709782,greater,-42.71228,170.98428,Hokitika
3925,Annual,Likely decreasing,1960-01-01,2019-12-31,0.897816498727717,NA,NA,NA,NA,NA,NA,NA,Mann-Kendall,60,NA,-200,24583.333333333332,-0.11299435028248588,-1.2692076802451284,greater,-42.11578,171.86014,Reefton
4107,Annual,Likely increasing,1960-01-01,2019-12-31,0.10680574023971809,NA,NA,NA,NA,NA,NA,NA,Mann-Kendall,60,NA,196,24583.333333333332,0.11073446327683616,1.2436959680793973,greater,-44.67384,167.92406,Milford Sound
4241,Annual,Indeterminate,1960-01-01,2019-12-31,0.5532736018605747,NA,NA,NA,NA,NA,NA,NA,Mann-Kendall,60,NA,-22,24583.333333333332,-0.012429378531073447,-0.13393648887008894,greater,-41.299,173.226,Nelson
4326,Annual,Indeterminate,1960-01-01,2019-12-31,0.5076328097376512,NA,NA,NA,NA,NA,NA,NA,Mann-Kendall,60,NA,-4,24583.333333333332,-0.0022598870056497176,-0.01913378412429842,greater,-41.52133,173.86439,Blenheim
4843,Annual,Likely increasing,1960-01-01,2019-12-31,0.3299406571238489,NA,NA,NA,NA,NA,NA,NA,Mann-Kendall,60,NA,70,24583.333333333332,0.03954802259887006,0.4400770348588636,greater,-43.493,172.537,Christchurch
4970,Annual,Indeterminate,1960-01-01,2019-12-31,0.339230069084378,NA,NA,NA,NA,NA,NA,NA,Mann-Kendall,60,NA,66,24583.333333333332,0.03728813559322034,0.4145653226931324,greater,-44.002,170.441,Lake Tekapo
5086,Annual,Likely increasing,1960-01-01,2019-12-31,0.24346681694610728,NA,NA,NA,NA,NA,NA,NA,Mann-Kendall,60,NA,110,24583.333333333332,0.062146892655367235,0.6951941565161759,greater,-44.30517,171.22141,Timaru
5212,Annual,Indeterminate,1960-01-01,2019-12-31,0.6153882170686872,NA,NA,NA,NA,NA,NA,NA,Mann-Kendall,60,NA,-47,24582.333333333332,-0.026561176533664525,-0.2933906572341992,greater,-44.52612,169.88948,Tara Hills
5451,Annual,Very likely increasing,1960-01-01,2019-12-31,0.08919273638542094,NA,NA,NA,NA,NA,NA,NA,Mann-Kendall,60,NA,212,24583.333333333332,0.11977401129943503,1.3457428167423222,greater,-45.01758,168.74005,Queenstown
5778,Annual,Very likely increasing,1960-01-01,2019-12-31,0.04549954158880897,NA,NA,NA,NA,NA,NA,NA,Mann-Kendall,60,NA,266,24583.333333333332,0.15028248587570622,1.6901509309796936,greater,-46.115,168.887,Gore
5814,Annual,Very likely increasing,1960-01-01,2019-12-31,0.030829991046062648,NA,NA,NA,NA,NA,NA,NA,Mann-Kendall,60,NA,294,24583.333333333332,0.16610169491525423,1.8687329161398123,greater,-46.41741,168.33052,Invercargill
1056,Autumn,Very likely increasing,1960-03-01,2019-05-31,0.09231455806370499,NA,NA,NA,NA,NA,NA,NA,Mann-Kendall,60,NA,209,24582.333333333332,0.11811246586246564,1.3266360153198573,greater,-35.183,173.926,Kerikeri
1287,Autumn,Likely decreasing,1960-03-01,2019-05-31,0.888423019396526,NA,NA,NA,NA,NA,NA,NA,Mann-Kendall,60,NA,-192,24583.333333333332,-0.10847457627118644,-1.218184255913666,greater,-35.769,174.364,Whangarei
1400,Autumn,Indeterminate,1960-03-01,2019-05-31,0.484736864024295,NA,NA,NA,NA,NA,NA,NA,Mann-Kendall,60,NA,7,24582.333333333332,0.003955919909269185,0.03826834659576511,greater,-36.606,174.835,Whangaparaoa
15752,Autumn,Indeterminate,1960-03-01,2019-05-31,0.40672279990059373,NA,NA,NA,NA,NA,NA,NA,Mann-Kendall,60,NA,38,24583.333333333332,0.021468926553672316,0.23598333753301384,greater,-45.90129,170.5147,Dunedin
1615,Autumn,Likely decreasing,1960-03-01,2019-05-31,0.7505032074873089,NA,NA,NA,NA,NA,NA,NA,Mann-Kendall,60,NA,-107,24582.333333333332,-0.06046906147025753,-0.6760741231918503,greater,-37.673,176.196,Tauranga
1770,Autumn,Indeterminate,1960-03-01,2019-05-31,0.46695899191486817,NA,NA,NA,NA,NA,NA,NA,Mann-Kendall,60,NA,14,24581.333333333332,0.007914077013498546,0.08291643747926311,greater,-38.10595,176.31485,Rotorua
1858,Autumn,Likely increasing,1960-03-01,2019-05-31,0.19285709855368877,NA,NA,NA,NA,NA,NA,NA,Mann-Kendall,60,NA,137,24582.333333333332,0.07742300393855403,0.867415856170676,greater,-38.74263,176.08104,Taupo
1962,Autumn,Indeterminate,1960-03-01,2019-05-31,0.5808614822045318,NA,NA,NA,NA,NA,NA,NA,Mann-Kendall,60,NA,-33,24582.333333333332,-0.018649336715126155,-0.20409784851074728,greater,-37.00813,174.78873,Auckland
2112,Autumn,Indeterminate,1960-03-01,2019-05-31,0.5683628225490697,NA,NA,NA,NA,NA,NA,NA,Mann-Kendall,60,NA,-28,24582.333333333332,-0.01582367963707674,-0.172207559680943,greater,-37.86088,175.33175,Hamilton
2250,Autumn,Very likely increasing,1960-03-01,2019-05-31,0.0653100388182064,NA,NA,NA,NA,NA,NA,NA,Mann-Kendall,60,NA,238,24580.333333333332,0.1345773738247282,1.5116611855874524,greater,-38.88784,175.25981,Taumarunui
2283,Autumn,Indeterminate,1960-03-01,2019-05-31,0.6153882170686872,NA,NA,NA,NA,NA,NA,NA,Mann-Kendall,60,NA,-47,24582.333333333332,-0.026561176533664525,-0.2933906572341992,greater,-39.0079,174.18382,New Plymouth
2534,Autumn,Likely decreasing,1960-03-01,2019-05-31,0.6654272954847933,NA,NA,NA,NA,NA,NA,NA,Mann-Kendall,60,NA,-68,24583.333333333332,-0.0384180790960452,-0.427321178775998,greater,-40.21,176.109,Dannevirke
25354,Autumn,Indeterminate,1960-03-01,2019-05-31,0.3870535713682135,NA,NA,NA,NA,NA,NA,NA,Mann-Kendall,60,NA,46,24583.333333333332,0.02598870056497175,0.28700676186447627,greater,-41.285,174.768,Wellington
2810,Autumn,Very likely increasing,1960-03-01,2019-05-31,0.05192827626895159,NA,NA,NA,NA,NA,NA,NA,Mann-Kendall,60,NA,256,24581.333333333332,0.1447145511039734,1.626437812093238,greater,-38.6586,177.9851,Gisborne
2997,Autumn,Indeterminate,1960-03-01,2019-05-31,0.4166497976694188,NA,NA,NA,NA,NA,NA,NA,Mann-Kendall,60,NA,34,24583.333333333332,0.0192090395480226,0.21047162536728262,greater,-39.49846,176.91189,Napier
3629,Autumn,Indeterminate,1960-03-01,2019-05-31,0.49236687979411947,NA,NA,NA,NA,NA,NA,NA,Mann-Kendall,60,NA,4,24581.333333333332,0.0022611648609995845,0.019134562495214565,greater,-39.46249,175.66283,Waiouru
3715,Autumn,Very likely increasing,1960-03-01,2019-05-31,0.046729292430965685,NA,NA,NA,NA,NA,NA,NA,Mann-Kendall,60,NA,264,24582.333333333332,0.14919469372100924,1.677429192447704,greater,-39.93704,175.04509,Whanganui
37662,Autumn,Indeterminate,1960-03-01,2019-05-31,0.43163855420529673,NA,NA,NA,NA,NA,NA,NA,Mann-Kendall,60,NA,28,24583.333333333332,0.015819209039548022,0.17220405711868578,greater,-40.957,175.707,Masterton
3909,Autumn,Indeterminate,1960-03-01,2019-05-31,0.3628717581042551,NA,NA,NA,NA,NA,NA,NA,Mann-Kendall,60,NA,56,24582.333333333332,0.03164735927415348,0.35079317712784686,greater,-42.71228,170.98428,Hokitika
3925,Autumn,Likely decreasing,1960-03-01,2019-05-31,0.8208058045690184,NA,NA,NA,NA,NA,NA,NA,Mann-Kendall,60,NA,-145,24582.333333333332,-0.0819440552634331,-0.9184403182983627,greater,-42.11578,171.86014,Reefton
4107,Autumn,Likely increasing,1960-03-01,2019-05-31,0.26807050599268634,NA,NA,NA,NA,NA,NA,NA,Mann-Kendall,60,NA,98,24583.333333333332,0.05536723163841808,0.6186590200189822,greater,-44.67384,167.92406,Milford Sound
4241,Autumn,Indeterminate,1960-03-01,2019-05-31,0.3919416184297209,NA,NA,NA,NA,NA,NA,NA,Mann-Kendall,60,NA,44,24581.333333333332,0.02487281347099543,0.27426206243140877,greater,-41.299,173.226,Nelson
4326,Autumn,Indeterminate,1960-03-01,2019-05-31,0.41416107761031706,NA,NA,NA,NA,NA,NA,NA,Mann-Kendall,60,NA,35,24582.333333333332,0.019779599546345922,0.216853964042669,greater,-41.52133,173.86439,Blenheim
4843,Autumn,Indeterminate,1960-03-01,2019-05-31,0.5482279703434353,NA,NA,NA,NA,NA,NA,NA,Mann-Kendall,60,NA,-20,24581.333333333332,-0.011305824304997922,-0.12118556246969224,greater,-43.493,172.537,Christchurch
4970,Autumn,Likely increasing,1960-03-01,2019-05-31,0.141964358756734,NA,NA,NA,NA,NA,NA,NA,Mann-Kendall,60,NA,169,24581.333333333332,0.09553421537723245,1.0715354997320157,greater,-44.002,170.441,Lake Tekapo
5086,Autumn,Indeterminate,1960-03-01,2019-05-31,0.6323323705567687,NA,NA,NA,NA,NA,NA,NA,Mann-Kendall,60,NA,-54,24582.333333333332,-0.030517096442933708,-0.33803706159592517,greater,-44.30517,171.22141,Timaru
5212,Autumn,Likely decreasing,1960-03-01,2019-05-31,0.6950599526033301,NA,NA,NA,NA,NA,NA,NA,Mann-Kendall,60,NA,-81,24582.333333333332,-0.04577564466440056,-0.5102446212768682,greater,-44.52612,169.88948,Tara Hills
5451,Autumn,Indeterminate,1960-03-01,2019-05-31,0.42913154427377476,NA,NA,NA,NA,NA,NA,NA,Mann-Kendall,60,NA,29,24582.333333333332,0.016388811052686622,0.17858561744690388,greater,-45.01758,168.74005,Queenstown
5778,Autumn,Indeterminate,1960-03-01,2019-05-31,0.5101768036573925,NA,NA,NA,NA,NA,NA,NA,Mann-Kendall,60,NA,-5,24582.333333333332,-0.0028256570780494173,-0.02551223106384341,greater,-46.115,168.887,Gore
5814,Autumn,Indeterminate,1960-03-01,2019-05-31,0.6080540949917381,NA,NA,NA,NA,NA,NA,NA,Mann-Kendall,60,NA,-44,24583.333333333332,-0.024858757062146894,-0.27425090578161065,greater,-46.41741,168.33052,Invercargill
1056,Winter,Likely decreasing,1960-06-01,2019-08-31,0.8447302286329613,NA,NA,NA,NA,NA,NA,NA,Mann-Kendall,60,NA,-160,24583.333333333332,-0.0903954802259887,-1.0140905585878162,greater,-35.183,173.926,Kerikeri
1287,Winter,Very likely decreasing,1960-06-01,2019-08-31,0.9709037265317422,NA,NA,NA,NA,NA,NA,NA,Mann-Kendall,60,NA,-298,24583.333333333332,-0.16836158192090395,-1.8942446283055434,greater,-35.769,174.364,Whangarei
1400,Winter,Very likely decreasing,1960-06-01,2019-08-31,0.9932113817863212,NA,NA,NA,NA,NA,NA,NA,Mann-Kendall,60,NA,-388,24583.333333333332,-0.2192090395480226,-2.468258152034496,greater,-36.606,174.835,Whangaparaoa
15752,Winter,Likely decreasing,1960-06-01,2019-08-31,0.7083339656050616,NA,NA,NA,NA,NA,NA,NA,Mann-Kendall,60,NA,-87,24581.333333333332,-0.049180335726740965,-0.5485241248628175,greater,-45.90129,170.5147,Dunedin
1615,Winter,Likely decreasing,1960-06-01,2019-08-31,0.8140521576635841,NA,NA,NA,NA,NA,NA,NA,Mann-Kendall,60,NA,-141,24582.333333333332,-0.07968352960099356,-0.8929280872345193,greater,-37.673,176.196,Tauranga
1770,Winter,Very likely decreasing,1960-06-01,2019-08-31,0.9452960277836058,NA,NA,NA,NA,NA,NA,NA,Mann-Kendall,60,NA,-252,24583.333333333332,-0.1423728813559322,-1.6008599383996345,greater,-38.10595,176.31485,Rotorua
1858,Winter,Indeterminate,1960-06-01,2019-08-31,0.3773184325315009,NA,NA,NA,NA,NA,NA,NA,Mann-Kendall,60,NA,50,24581.333333333332,0.028264560762494804,0.3125311874218379,greater,-38.74263,176.08104,Taupo
1962,Winter,Indeterminate,1960-06-01,2019-08-31,0.46696033290600536,NA,NA,NA,NA,NA,NA,NA,Mann-Kendall,60,NA,14,24583.333333333332,0.007909604519774011,0.08291306453862649,greater,-37.00813,174.78873,Auckland
2112,Winter,Indeterminate,1960-06-01,2019-08-31,0.4720342665329579,NA,NA,NA,NA,NA,NA,NA,Mann-Kendall,60,NA,12,24583.333333333332,0.006779661016949152,0.07015720845576087,greater,-37.86088,175.33175,Hamilton
2250,Winter,Very likely increasing,1960-06-01,2019-08-31,0.09337893496342431,NA,NA,NA,NA,NA,NA,NA,Mann-Kendall,60,NA,208,24583.333333333332,0.11751412429378531,1.3202311045765909,greater,-38.88784,175.25981,Taumarunui
2283,Winter,Very likely decreasing,1960-06-01,2019-08-31,0.9532673740861317,NA,NA,NA,NA,NA,NA,NA,Mann-Kendall,60,NA,-264,24583.333333333332,-0.14915254237288136,-1.677395074896828,greater,-39.0079,174.18382,New Plymouth
2534,Winter,Very likely decreasing,1960-06-01,2019-08-31,0.9313680085163686,NA,NA,NA,NA,NA,NA,NA,Mann-Kendall,60,NA,-234,24583.333333333332,-0.13220338983050847,-1.4860572336538438,greater,-40.21,176.109,Dannevirke
25354,Winter,Very likely decreasing,1960-06-01,2019-08-31,0.9796864121312518,NA,NA,NA,NA,NA,NA,NA,Mann-Kendall,60,NA,-322,24583.333333333332,-0.18192090395480226,-2.0473149012999308,greater,-41.285,174.768,Wellington
2810,Winter,Indeterminate,1960-06-01,2019-08-31,0.6080583815702791,NA,NA,NA,NA,NA,NA,NA,Mann-Kendall,60,NA,-44,24581.333333333332,-0.02487281347099543,-0.27426206243140877,greater,-38.6586,177.9851,Gisborne
2997,Winter,Indeterminate,1960-06-01,2019-08-31,0.3919459050082619,NA,NA,NA,NA,NA,NA,NA,Mann-Kendall,60,NA,44,24583.333333333332,0.024858757062146894,0.27425090578161065,greater,-39.49846,176.91189,Napier
3629,Winter,Likely increasing,1960-06-01,2019-08-31,0.10447610111045143,NA,NA,NA,NA,NA,NA,NA,Mann-Kendall,60,NA,198,24583.333333333332,0.11186440677966102,1.2564518241622629,greater,-39.46249,175.66283,Waiouru
3715,Winter,Likely increasing,1960-06-01,2019-08-31,0.14485509650525913,NA,NA,NA,NA,NA,NA,NA,Mann-Kendall,60,NA,167,24582.333333333332,0.09437694640685054,1.0587575891495016,greater,-39.93704,175.04509,Whanganui
37662,Winter,Indeterminate,1960-06-01,2019-08-31,0.622676737299392,NA,NA,NA,NA,NA,NA,NA,Mann-Kendall,60,NA,-50,24583.333333333332,-0.02824858757062147,-0.3125184740302075,greater,-40.957,175.707,Masterton
3909,Winter,Very likely increasing,1960-06-01,2019-08-31,0.0841540696052054,NA,NA,NA,NA,NA,NA,NA,Mann-Kendall,60,NA,217,24582.333333333332,0.1226335171873447,1.377660477447544,greater,-42.71228,170.98428,Hokitika
3925,Winter,Indeterminate,1960-06-01,2019-08-31,0.3870535713682135,NA,NA,NA,NA,NA,NA,NA,Mann-Kendall,60,NA,46,24583.333333333332,0.02598870056497175,0.28700676186447627,greater,-42.11578,171.86014,Reefton
4107,Winter,Very likely increasing,1960-06-01,2019-08-31,0.004379391899284461,NA,NA,NA,NA,NA,NA,NA,Mann-Kendall,60,NA,412,24583.333333333332,0.2327683615819209,2.6213284250288833,greater,-44.67384,167.92406,Milford Sound
4241,Winter,Indeterminate,1960-06-01,2019-08-31,0.5883207677907782,NA,NA,NA,NA,NA,NA,NA,Mann-Kendall,60,NA,-36,24583.333333333332,-0.020338983050847456,-0.22322748145014823,greater,-41.299,173.226,Nelson
4326,Winter,Indeterminate,1960-06-01,2019-08-31,0.6275132714796069,NA,NA,NA,NA,NA,NA,NA,Mann-Kendall,60,NA,-52,24583.333333333332,-0.02937853107344633,-0.3252743301130731,greater,-41.52133,173.86439,Blenheim
4843,Winter,Indeterminate,1960-06-01,2019-08-31,0.37490007702288397,NA,NA,NA,NA,NA,NA,NA,Mann-Kendall,60,NA,51,24582.333333333332,0.028821702196104058,0.31890288829804264,greater,-43.493,172.537,Christchurch
4970,Winter,Likely decreasing,1960-06-01,2019-08-31,0.7402761316667079,NA,NA,NA,NA,NA,NA,NA,Mann-Kendall,60,NA,-102,24581.333333333332,-0.0576597039554894,-0.6441969373388904,greater,-44.002,170.441,Lake Tekapo
5086,Winter,Likely increasing,1960-06-01,2019-08-31,0.29166986373083414,NA,NA,NA,NA,NA,NA,NA,Mann-Kendall,60,NA,87,24582.333333333332,0.04916643315805986,0.5485129678726333,greater,-44.30517,171.22141,Timaru
5212,Winter,Likely increasing,1960-06-01,2019-08-31,0.20170614654139704,NA,NA,NA,NA,NA,NA,NA,Mann-Kendall,60,NA,132,24581.333333333332,0.07461844041298629,0.835542562291036,greater,-44.52612,169.88948,Tara Hills
5451,Winter,Likely increasing,1960-06-01,2019-08-31,0.1294520561037832,NA,NA,NA,NA,NA,NA,NA,Mann-Kendall,60,NA,178,24579.333333333332,0.10067879744913957,1.1289851167067806,greater,-45.01758,168.74005,Queenstown
5778,Winter,Indeterminate,1960-06-01,2019-08-31,0.4492471100171527,NA,NA,NA,NA,NA,NA,NA,Mann-Kendall,60,NA,21,24581.333333333332,0.011871115520247819,0.1275637499680971,greater,-46.115,168.887,Gore
5814,Winter,Likely increasing,1960-06-01,2019-08-31,0.19461343531057673,NA,NA,NA,NA,NA,NA,NA,Mann-Kendall,60,NA,136,24583.333333333332,0.0768361581920904,0.8610202855934288,greater,-46.41741,168.33052,Invercargill
1056,Spring,Likely decreasing,1960-09-01,2019-11-30,0.8943730099729293,NA,NA,NA,NA,NA,NA,NA,Mann-Kendall,60,NA,-197,24581.333333333332,-0.11136236940422954,-1.2501247496873515,greater,-35.183,173.926,Kerikeri
1287,Spring,Very likely decreasing,1960-09-01,2019-11-30,0.971739737616626,NA,NA,NA,NA,NA,NA,NA,Mann-Kendall,60,NA,-300,24583.333333333332,-0.1694915254237288,-1.907000484388409,greater,-35.769,174.364,Whangarei
1400,Spring,Very likely decreasing,1960-09-01,2019-11-30,0.9741286374704994,NA,NA,NA,NA,NA,NA,NA,Mann-Kendall,60,NA,-306,24583.333333333332,-0.17288135593220338,-1.9452680526370059,greater,-36.606,174.835,Whangaparaoa
15752,Spring,Indeterminate,1960-09-01,2019-11-30,0.4974555920931493,NA,NA,NA,NA,NA,NA,NA,Mann-Kendall,60,NA,2,24583.333333333332,0.0011299435028248588,0.0063779280414328066,greater,-45.90129,170.5147,Dunedin
1615,Spring,Very likely decreasing,1960-09-01,2019-11-30,0.9988260006408078,NA,NA,NA,NA,NA,NA,NA,Mann-Kendall,60,NA,-478,24583.333333333332,-0.27005649717514124,-3.0422716757634487,greater,-37.673,176.196,Tauranga
1770,Spring,Very likely decreasing,1960-09-01,2019-11-30,0.9916152537347451,NA,NA,NA,NA,NA,NA,NA,Mann-Kendall,60,NA,-376,24583.333333333332,-0.21242937853107344,-2.3917230155373024,greater,-38.10595,176.31485,Rotorua
1858,Spring,Likely decreasing,1960-09-01,2019-11-30,0.7605163210443039,NA,NA,NA,NA,NA,NA,NA,Mann-Kendall,60,NA,-112,24582.333333333332,-0.06329471854830696,-0.7079644120216546,greater,-38.74263,176.08104,Taupo
1962,Spring,Likely decreasing,1960-09-01,2019-11-30,0.8784272873158815,NA,NA,NA,NA,NA,NA,NA,Mann-Kendall,60,NA,-184,24583.333333333332,-0.103954802259887,-1.1671608315822035,greater,-37.00813,174.78873,Auckland
2112,Spring,Likely decreasing,1960-09-01,2019-11-30,0.729828220346204,NA,NA,NA,NA,NA,NA,NA,Mann-Kendall,60,NA,-97,24582.333333333332,-0.0548177473141587,-0.6122935455322418,greater,-37.86088,175.33175,Hamilton
2250,Spring,Likely increasing,1960-09-01,2019-11-30,0.19636495887564528,NA,NA,NA,NA,NA,NA,NA,Mann-Kendall,60,NA,135,24581.333333333332,0.07631431405873598,0.8546771247862506,greater,-38.88784,175.25981,Taumarunui
2283,Spring,Likely decreasing,1960-09-01,2019-11-30,0.8507376392478724,NA,NA,NA,NA,NA,NA,NA,Mann-Kendall,60,NA,-164,24583.333333333332,-0.09265536723163842,-1.0396022707535475,greater,-39.0079,174.18382,New Plymouth
2534,Spring,Likely increasing,1960-09-01,2019-11-30,0.17753019515151192,NA,NA,NA,NA,NA,NA,NA,Mann-Kendall,60,NA,146,24582.333333333332,0.08250918667904299,0.9248183760643236,greater,-40.21,176.109,Dannevirke
25354,Spring,Indeterminate,1960-09-01,2019-11-30,0.4542989016658878,NA,NA,NA,NA,NA,NA,NA,Mann-Kendall,60,NA,19,24581.333333333332,0.010740533089748027,0.11480737497128739,greater,-41.285,174.768,Wellington
2810,Spring,Indeterminate,1960-09-01,2019-11-30,0.6056077441774003,NA,NA,NA,NA,NA,NA,NA,Mann-Kendall,60,NA,-43,24580.333333333332,-0.02431439947253493,-0.26788932402815613,greater,-38.6586,177.9851,Gisborne
2997,Spring,Likely increasing,1960-09-01,2019-11-30,0.21450725441393897,NA,NA,NA,NA,NA,NA,NA,Mann-Kendall,60,NA,125,24582.333333333332,0.07064142695123543,0.7908791629791457,greater,-39.49846,176.91189,Napier
3629,Spring,Very likely increasing,1960-09-01,2019-11-30,0.004218227186028367,NA,NA,NA,NA,NA,NA,NA,Mann-Kendall,60,NA,414,24583.333333333332,0.23389830508474577,2.634084281111749,greater,-39.46249,175.66283,Waiouru
3715,Spring,Very likely increasing,1960-09-01,2019-11-30,0.03810606411796193,NA,NA,NA,NA,NA,NA,NA,Mann-Kendall,60,NA,279,24582.333333333332,0.1576716649551575,1.7731000589371169,greater,-39.93704,175.04509,Whanganui
37662,Spring,Very likely increasing,1960-09-01,2019-11-30,0.022948894161339387,NA,NA,NA,NA,NA,NA,NA,Mann-Kendall,60,NA,314,24582.333333333332,0.17745126450150342,1.9963320807457468,greater,-40.957,175.707,Masterton
3909,Spring,Likely decreasing,1960-09-01,2019-11-30,0.7605207924314941,NA,NA,NA,NA,NA,NA,NA,Mann-Kendall,60,NA,-112,24581.333333333332,-0.06331261610798837,-0.7079788123229389,greater,-42.71228,170.98428,Hokitika
3925,Spring,Likely decreasing,1960-09-01,2019-11-30,0.8354239051395252,NA,NA,NA,NA,NA,NA,NA,Mann-Kendall,60,NA,-154,24583.333333333332,-0.08700564971751412,-0.9758229903392194,greater,-42.11578,171.86014,Reefton
4107,Spring,Likely increasing,1960-09-01,2019-11-30,0.22776799478030127,NA,NA,NA,NA,NA,NA,NA,Mann-Kendall,60,NA,118,24583.333333333332,0.06666666666666667,0.7462175808476383,greater,-44.67384,167.92406,Milford Sound
4241,Spring,Indeterminate,1960-09-01,2019-11-30,0.6371255653531502,NA,NA,NA,NA,NA,NA,NA,Mann-Kendall,60,NA,-56,24583.333333333332,-0.031638418079096044,-0.35078604227880433,greater,-41.299,173.226,Nelson
4326,Spring,Indeterminate,1960-09-01,2019-11-30,0.4974555920931493,NA,NA,NA,NA,NA,NA,NA,Mann-Kendall,60,NA,2,24583.333333333332,0.0011299435028248588,0.0063779280414328066,greater,-41.52133,173.86439,Blenheim
4843,Spring,Likely increasing,1960-09-01,2019-11-30,0.15987372259837615,NA,NA,NA,NA,NA,NA,NA,Mann-Kendall,60,NA,157,24582.333333333332,0.08872563225075171,0.9949770114898929,greater,-43.493,172.537,Christchurch
4970,Spring,Likely decreasing,1960-09-01,2019-11-30,0.6746654611915701,NA,NA,NA,NA,NA,NA,NA,Mann-Kendall,60,NA,-72,24583.333333333332,-0.04067796610169491,-0.45283289094172924,greater,-44.002,170.441,Lake Tekapo
5086,Spring,Likely increasing,1960-09-01,2019-11-30,0.2938589875182123,NA,NA,NA,NA,NA,NA,NA,Mann-Kendall,60,NA,86,24581.333333333332,0.04861504451149107,0.5421459373644126,greater,-44.30517,171.22141,Timaru
5212,Spring,Likely decreasing,1960-09-01,2019-11-30,0.8257733394817548,NA,NA,NA,NA,NA,NA,NA,Mann-Kendall,60,NA,-148,24581.333333333332,-0.08366309985698463,-0.9375935622655137,greater,-44.52612,169.88948,Tara Hills
5451,Spring,Indeterminate,1960-09-01,2019-11-30,0.6031446167374507,NA,NA,NA,NA,NA,NA,NA,Mann-Kendall,60,NA,-42,24583.333333333332,-0.023728813559322035,-0.26149504969874504,greater,-45.01758,168.74005,Queenstown
5778,Spring,Very likely increasing,1960-09-01,2019-11-30,0.006433262023156341,NA,NA,NA,NA,NA,NA,NA,Mann-Kendall,60,NA,391,24582.333333333332,0.22096638350346443,2.4874425287247326,greater,-46.115,168.887,Gore
5814,Spring,Very likely increasing,1960-09-01,2019-11-30,0.013443962057456559,NA,NA,NA,NA,NA,NA,NA,Mann-Kendall,60,NA,348,24583.333333333332,0.19661016949152543,2.2131410303771837,greater,-46.41741,168.33052,Invercargill
1056,Summer,Very likely increasing,1960-12-01,2019-02-28,0.01030705518909696,NA,NA,NA,NA,NA,NA,NA,Mann-Kendall,59,NA,355,23383.666666666668,0.20748100526008179,2.3149784697467672,greater,-35.183,173.926,Kerikeri
1287,Summer,Likely decreasing,1960-12-01,2019-02-28,0.6857794056014873,NA,NA,NA,NA,NA,NA,NA,Mann-Kendall,59,NA,-75,23383.666666666668,-0.04383401519579193,-0.4839220529979118,greater,-35.769,174.364,Whangarei
1400,Summer,Indeterminate,1960-12-01,2019-02-28,0.3401709930670549,NA,NA,NA,NA,NA,NA,NA,Mann-Kendall,59,NA,64,23382.666666666668,0.03741596184407219,0.41199650335584403,greater,-36.606,174.835,Whangaparaoa
15752,Summer,Very likely increasing,1960-12-01,2019-02-28,0.03452784871314313,NA,NA,NA,NA,NA,NA,NA,Mann-Kendall,59,NA,279,23381.666666666668,0.16315792263567194,1.8180551929416053,greater,-45.90129,170.5147,Dunedin
1615,Summer,Likely decreasing,1960-12-01,2019-02-28,0.6857794056014873,NA,NA,NA,NA,NA,NA,NA,Mann-Kendall,59,NA,-75,23383.666666666668,-0.04383401519579193,-0.4839220529979118,greater,-37.673,176.196,Tauranga
1770,Summer,Likely decreasing,1960-12-01,2019-02-28,0.697292952385479,NA,NA,NA,NA,NA,NA,NA,Mann-Kendall,59,NA,-80,23382.666666666668,-0.04676995230509024,-0.5166305359541536,greater,-38.10595,176.31485,Rotorua
1858,Summer,Likely decreasing,1960-12-01,2019-02-28,0.7476227782491007,NA,NA,NA,NA,NA,NA,NA,Mann-Kendall,59,NA,-103,23383.666666666668,-0.060198714202220914,-0.6670276946727973,greater,-38.74263,176.08104,Taupo
1962,Summer,Likely decreasing,1960-12-01,2019-02-28,0.7836965371282043,NA,NA,NA,NA,NA,NA,NA,Mann-Kendall,59,NA,-121,23383.666666666668,-0.07071887784921098,-0.7847384643209381,greater,-37.00813,174.78873,Auckland
2112,Summer,Indeterminate,1960-12-01,2019-02-28,0.6550229105683795,NA,NA,NA,NA,NA,NA,NA,Mann-Kendall,59,NA,-62,23382.666666666668,-0.03624671303644494,-0.3989172492810553,greater,-37.86088,175.33175,Hamilton
2250,Summer,Indeterminate,1960-12-01,2019-02-28,0.5,NA,NA,NA,NA,NA,NA,NA,Mann-Kendall,59,NA,1,23382.666666666668,5.84624403813628e-4,0,greater,-38.88784,175.25981,Taumarunui
2283,Summer,Very likely decreasing,1960-12-01,2019-02-28,0.9815170747561418,NA,NA,NA,NA,NA,NA,NA,Mann-Kendall,59,NA,-320,23382.666666666668,-0.18707980922036097,-2.0861410249287977,greater,-39.0079,174.18382,New Plymouth
2534,Summer,Very likely decreasing,1960-12-01,2019-02-28,0.9812189456637099,NA,NA,NA,NA,NA,NA,NA,Mann-Kendall,59,NA,-319,23382.666666666668,-0.18649518481654734,-2.079601397891403,greater,-40.21,176.109,Dannevirke
25354,Summer,Indeterminate,1960-12-01,2019-02-28,0.650205933463118,NA,NA,NA,NA,NA,NA,NA,Mann-Kendall,59,NA,-60,23378,-0.035118562619280445,-0.38587650336485746,greater,-41.285,174.768,Wellington
2810,Summer,Indeterminate,1960-12-01,2019-02-28,0.6232048506359359,NA,NA,NA,NA,NA,NA,NA,Mann-Kendall,59,NA,-49,23381.666666666668,-0.028654975660028403,-0.31390881029207574,greater,-38.6586,177.9851,Gisborne
2997,Summer,Indeterminate,1960-12-01,2019-02-28,0.6355615901965671,NA,NA,NA,NA,NA,NA,NA,Mann-Kendall,59,NA,-54,23380,-0.03158819583959642,-0.34661999861352,greater,-39.49846,176.91189,Napier
3629,Summer,Very likely decreasing,1960-12-01,2019-02-28,0.9461605372390569,NA,NA,NA,NA,NA,NA,NA,Mann-Kendall,59,NA,-247,23383.666666666668,-0.1443600233781414,-1.6087138518579231,greater,-39.46249,175.66283,Waiouru
3715,Summer,Indeterminate,1960-12-01,2019-02-28,0.5208619525809258,NA,NA,NA,NA,NA,NA,NA,Mann-Kendall,59,NA,-9,23382.666666666668,-0.005261619634322652,-0.0523170162991548,greater,-39.93704,175.04509,Whanganui
37662,Summer,Indeterminate,1960-12-01,2019-02-28,0.3817772466423284,NA,NA,NA,NA,NA,NA,NA,Mann-Kendall,59,NA,47,23383.666666666668,0.027469316189362943,0.3008164113230263,greater,-40.957,175.707,Masterton
3909,Summer,Very likely increasing,1960-12-01,2019-02-28,0.07328331824245632,NA,NA,NA,NA,NA,NA,NA,Mann-Kendall,59,NA,223,23383.666666666668,0.130333138515488,1.4517661589937354,greater,-42.71228,170.98428,Hokitika
3925,Summer,Likely decreasing,1960-12-01,2019-02-28,0.747631888925194,NA,NA,NA,NA,NA,NA,NA,Mann-Kendall,59,NA,-103,23381.666666666668,-0.06023392842822297,-0.6670562218706609,greater,-42.11578,171.86014,Reefton
4107,Summer,Very likely increasing,1960-12-01,2019-02-28,0.09996702324032095,NA,NA,NA,NA,NA,NA,NA,Mann-Kendall,59,NA,197,23383.666666666668,0.1151373465809468,1.2817394917241989,greater,-44.67384,167.92406,Milford Sound
4241,Summer,Indeterminate,1960-12-01,2019-02-28,0.376800247527397,NA,NA,NA,NA,NA,NA,NA,Mann-Kendall,59,NA,49,23383.666666666668,0.028638223261250727,0.3138953857283752,greater,-41.299,173.226,Nelson
4326,Summer,Indeterminate,1960-12-01,2019-02-28,0.5956008328000908,NA,NA,NA,NA,NA,NA,NA,Mann-Kendall,59,NA,-38,23380.666666666668,-0.022228730405641925,-0.24197654914864375,greater,-41.52133,173.86439,Blenheim
4843,Summer,Indeterminate,1960-12-01,2019-02-28,0.5364741090056268,NA,NA,NA,NA,NA,NA,NA,Mann-Kendall,59,NA,-15,23382.666666666668,-0.00876936605720442,-0.0915547785235209,greater,-43.493,172.537,Christchurch
4970,Summer,Likely increasing,1960-12-01,2019-02-28,0.28027431244856993,NA,NA,NA,NA,NA,NA,NA,Mann-Kendall,59,NA,90,23382.666666666668,0.05261619634322652,0.5820268063280971,greater,-44.002,170.441,Lake Tekapo
5086,Summer,Indeterminate,1960-12-01,2019-02-28,0.3425740411849486,NA,NA,NA,NA,NA,NA,NA,Mann-Kendall,59,NA,63,23383.666666666668,0.03682057276446522,0.405448206565818,greater,-44.30517,171.22141,Timaru
5212,Summer,Indeterminate,1960-12-01,2019-02-28,0.5828805099432034,NA,NA,NA,NA,NA,NA,NA,Mann-Kendall,59,NA,-33,23382.666666666668,-0.019292605325849727,-0.2092680651966192,greater,-44.52612,169.88948,Tara Hills
5451,Summer,Very likely increasing,1960-12-01,2019-02-28,0.06378362742710592,NA,NA,NA,NA,NA,NA,NA,Mann-Kendall,59,NA,234,23381.666666666668,0.13684212866217646,1.5237656832927844,greater,-45.01758,168.74005,Queenstown
5778,Summer,Very likely increasing,1960-12-01,2019-02-28,0.0679803428452626,NA,NA,NA,NA,NA,NA,NA,Mann-Kendall,59,NA,229,23383.666666666668,0.13383985973115137,1.4910030822097824,greater,-46.115,168.887,Gore
5814,Summer,Likely increasing,1960-12-01,2019-02-28,0.30042402912749144,NA,NA,NA,NA,NA,NA,NA,Mann-Kendall,59,NA,81,23381.666666666668,0.04736842915229185,0.5231813504867929,greater,-46.41741,168.33052,Invercargill
